0.03249,-0.0156179858007,0.140869962309,3.02000000004e-17,-0.534024619174,0.84546892676,
0.03249,0.0351143530208,0.0605504142671,3.02000000004e-17,-0.534024619174,0.84546892676,
0.03249,0.0377844761167,0.0563230696333,3.02000000004e-17,-0.534024619174,0.84546892676
0.0376845022965,0.0377844761167,0.0563230696333,9.43200000017e-17,-0.534024665537,0.845468897475
0.0429111643969,0.0377844761167,0.0563230696333,1.06420000002e-16,-0.534023587984,0.84546957809
0.0476299570785,0.0377844761167,0.0563230696333,-4.27400000006e-17,-0.534024125987,0.845469238272
0.0523094428103,0.0377844761167,0.0563230696333,-5.3000000001e-18,-0.534025873455,0.845468134515
0.0565282824239,0.0377844761167,0.0563230696333,8.56000000015e-18,-0.534023777706,0.845469458257
0.0606875745048,0.0377844761167,0.0563230696333,-2.29600000003e-17,-0.534023795535,0.845469446995
0.064763069342,0.0377844761167,0.0563230696333,-3.60200000006e-17,-0.534023696536,0.845469509526
0.0684783235797,0.0377844761167,0.0563230696333,2.22200000003e-17,-0.53402429375,0.845469132308
0.0721632603427,0.0377844761167,0.0563230696333,-4.86800000008e-17,-0.534023849923,0.845469412642
0.0755948426131,0.0377844761167,0.0563230696333,1.24000000002e-18,-0.534024306096,0.845469124509
0.0790556025492,0.0377844761167,0.0563230696333,-7.20000000008e-18,-0.534023823227,0.845469429504
0.082338501437,0.0377844761167,0.0563230696333,-2.09000000004e-17,-0.534024915126,0.845468739827
0.0856718713199,0.0377844761167,0.0563230696333,5.15000000008e-17,-0.534025299979,0.845468496742
0.0888505073185,0.0377844761167,0.0563230696333,-5.11000000008e-17,-0.534024826603,0.845468795741
0.0918924963892,0.0377844761167,0.0563230696333,4.11200000006e-17,-0.534024619369,0.845468926636
0.0949938498552,0.0377844761167,0.0563230696333,-8.29800000011e-17,-0.534025718175,0.845468232595
0.0979790672229,0.0377844761167,0.0563230696333,-1.15040000002e-16,-0.534024022777,0.845469303462
0.100865706795,0.0377844761167,0.0563230696333,8.92000000013e-18,-0.534023435958,0.845469674114
0.103832613569,0.0377844761167,0.0563230696333,-6.2000000001e-19,-0.534023059066,0.845469912171
0.106724500641,0.0377844761167,0.0563230696333,4.07200000006e-17,-0.534024476434,0.845469016919
0.109557002405,0.0377844761167,0.0563230696333,-1.12080000002e-16,-0.534024064975,0.845469276809
0.112343953584,0.0377844761167,0.0563230696333,1.77560000002e-16,-0.534024691114,0.84546888132
0.115097367969,0.0377844761167,0.0563230696333,-2.81400000004e-17,-0.53402387472,0.84546939698
0.117827434995,0.0377844761167,0.0563230696333,1.77000000002e-17,-0.534023304174,0.845469757354
0.120542519746,0.0377844761167,0.0563230696333,8.80600000012e-17,-0.534025380212,0.845468446064
0.123249162948,0.0377844761167,0.0563230696333,7.1280000001e-17,-0.534023286501,0.845469768516
0.125952080973,0.0377844761167,0.0563230696333,1.37800000002e-17,-0.534024431526,0.845469045284
0.128654165841,0.0377844761167,0.0563230696333,-1.37800000002e-17,-0.534023915059,0.8454693715
0.131356526272,0.0377844761167,0.0563230696333,-1.45600000002e-17,-0.534024221683,0.845469177827
0.134059187267,0.0377844761167,0.0563230696333,-7.97000000008e-17,-0.534024847347,0.845468782638
0.13676204547,0.0377844761167,0.0563230696333,8.82000000015e-18,-0.534024446297,0.845469035954
0.139464998784,0.0377844761167,0.0563230696333,8.87200000013e-17,-0.534024310613,0.845469121656
0.142167946402,0.0377844761167,0.0563230696333,8.20000000013e-18,-0.534024532379,0.845468981582
0.144870788808,0.0377844761167,0.0563230696333,2.37600000004e-17,-0.534024422018,0.84546905129
0.147573427774,0.0377844761167,0.0563230696333,7.8680000001e-17,-0.534024676948,0.845468890267
0.150275766361,0.0377844761167,0.0563230696333,1.15800000002e-17,-0.534024406439,0.84546906113
0.152977763439,0.0377844761167,0.0563230696333,-2.37000000004e-17,-0.534025152811,0.845468589698
0.155680193766,0.0377844761167,0.0563230696333,-1.09000000002e-16,-0.534022969558,0.845469968706
0.158385551743,0.0377844761167,0.0563230696333,7.63200000013e-17,-0.534024933993,0.84546872791
0.161098154404,0.0377844761167,0.0563230696333,3.96600000005e-17,-0.534024993436,0.845468690364
0.163824141416,0.0377844761167,0.0563230696333,-5.7940000001e-17,-0.534024023696,0.845469302882
0.166571475085,0.0377844761167,0.0563230696333,5.84600000011e-17,-0.534024344558,0.845469100215
0.169349940349,0.0377844761167,0.0563230696333,4.68400000008e-17,-0.534025028195,0.845468668409
0.172171144783,0.0377844761167,0.0563230696333,-5.40000000009e-17,-0.534023688882,0.845469514361
0.175048517161,0.0377844761167,0.0563230696333,-1.09380000002e-16,-0.534023972721,0.845469335079
0.177997290914,0.0377844761167,0.0563230696333,8.23800000014e-17,-0.534024816746,0.845468801967
0.180863122393,0.0377844761167,0.0563230696333,-8.22000000012e-18,-0.534024190236,0.84546919769
0.183823611586,0.0377844761167,0.0563230696333,-7.28000000011e-17,-0.534025203571,0.845468557636
0.186895980906,0.0377844761167,0.0563230696333,6.04000000011e-18,-0.534023423683,0.845469681868
0.189906502455,0.0377844761167,0.0563230696333,7.6580000001e-17,-0.534023068436,0.845469906252
0.193049324226,0.0377844761167,0.0563230696333,-3.30000000005e-18,-0.534024307826,0.845469123417
0.196342253971,0.0377844761167,0.0563230696333,-4.64800000009e-17,-0.53402412275,0.845469240316
0.199582558869,0.0377844761167,0.0563230696333,-9.60000000011e-17,-0.534025176058,0.845468575014
0.202992212049,0.0377844761167,0.0563230696333,2.65600000003e-17,-0.534023071313,0.845469904435
0.206611058739,0.0377844761167,0.0563230696333,2.05000000004e-17,-0.534023908489,0.84546937565
0.210233527944,0.0377844761167,0.0563230696333,-2.80000000004e-18,-0.534023855935,0.845469408845
0.214164943017,0.0377844761167,0.0563230696333,1.66000000003e-17,-0.534024795484,0.845468815397
0.218170188763,0.0377844761167,0.0563230696333,-8.28000000013e-17,-0.534024318115,0.845469116918
0.222246273522,0.0377844761167,0.0563230696333,8.98400000012e-17,-0.534024248377,0.845469160967
0.226766050223,0.0377844761167,0.0563230696333,6.20000000011e-19,-0.534023734711,0.845469485414
0.231373852508,0.0377844761167,0.0563230696333,9.89600000013e-17,-0.534023844591,0.84546941601
0.236503288464,0.0377844761167,0.0563230696333,4.97800000008e-17,-0.534024779875,0.845468825256
0.241687999729,0.0377844761167,0.0563230696333,-1.58260000003e-16,-0.534023873866,0.845469397519
0.246835785755,0.0377844761167,0.0563230696333,1.76000000002e-18,-0.534025629414,0.84546828866
0.246835785755,0.0387161490648,0.056905630641,-1.99000000003e-17,-0.5281616666,0.849143835833
0.246835785755,0.03942096374,0.0573405964871,2.05400000003e-17,-0.523408682512,0.852081774873
0.246835785755,0.0400454073961,0.0577216685644,-1.39060000002e-16,-0.519462283172,0.85449337994
0.246835785755,0.0406692416191,0.0580983812497,-2.78400000004e-17,-0.515619284839,0.856817806247
0.246835785755,0.0412992269944,0.0584749996711,9.1520000001e-17,-0.511821820378,0.859091627351
0.246835785755,0.0419263821982,0.0588462378289,-3.28400000003e-17,-0.508125810357,0.861282857631
0.246835785755,0.0425596626362,0.0592174759868,-4.74000000005e-17,-0.50447303166,0.863427449371
0.246835785755,0.0431990683085,0.0595887141447,4.98800000005e-17,-0.500863824161,0.865526099922
0.246835785755,0.0438445993241,0.0599599524118,-1.25000000001e-17,-0.497297031867,0.867580349072
0.246835785755,0.044486830923,0.0603258737992,1.62000000001e-17,-0.493822681801,0.869562625082
0.246835785755,0.0451358654805,0.0606926491674,-9.50000000003e-18,-0.490790671902,0.871277519723
0.246835785755,0.0457945387988,0.0610631143187,-4.216e-17,-0.48961842321,0.871936809438
0.246835785755,0.0464582754588,0.0614365026019,-1.5748e-16,-0.490351383503,0.87152482506
0.246835785755,0.0471715521029,0.0618398982635,-1.33960000001e-16,-0.492975654571,0.870043104679
0.246835785755,0.0480709398837,0.062352652297,-6.35400000001e-17,-0.496865684008,0.867827455233
0.241687999729,0.0490202167448,0.062896213735,3.40600000001e-17,-0.496540886011,0.868013334298
0.236503288464,0.0490202167448,0.062896213735,-6.94000000002e-18,-0.496540889888,0.86801333208
0.231373852508,0.0490202167448,0.062896213735,-5.08600000002e-17,-0.496540501071,0.868013554501
0.226766050223,0.0490202167448,0.062896213735,-1.0152e-16,-0.496541015545,0.868013260199
0.222246273522,0.0490202167448,0.062896213735,-4.53200000002e-17,-0.4965407449,0.86801341502
0.218170188763,0.0490202167448,0.062896213735,-1.232e-16,-0.496541175965,0.868013168432
0.214164943017,0.0490202167448,0.062896213735,1.168e-16,-0.49654088024,0.868013337599
0.210233527944,0.0490202167448,0.062896213735,3.29400000001e-17,-0.496540487019,0.868013562539
0.206611058739,0.0490202167448,0.062896213735,-7.70000000003e-18,-0.496541122049,0.868013199274
0.202992212049,0.0490202167448,0.062896213735,-6.32000000002e-18,-0.49654096039,0.86801329175
0.199582558869,0.0490202167448,0.062896213735,5.73800000002e-17,-0.49654028522,0.868013677976
0.196342253971,0.0490202167448,0.062896213735,-6.07400000002e-17,-0.496540856047,0.868013351439
0.193049324226,0.0490202167448,0.062896213735,4.50400000002e-17,-0.496540850696,0.8680133545
0.189906502455,0.0490202167448,0.062896213735,1.5806e-16,-0.496541279118,0.868013109424
0.186895980906,0.0490202167448,0.062896213735,-1.7876e-16,-0.496541645553,0.868012899807
0.183823611586,0.0490202167448,0.062896213735,1.2926e-16,-0.49654042301,0.868013599154
0.180863122393,0.0490202167448,0.062896213735,5.83800000002e-17,-0.496541350382,0.868013068658
0.177997290914,0.0490202167448,0.062896213735,8.74000000003e-18,-0.496540917989,0.868013316005
0.175048517161,0.0490202167448,0.062896213735,9.60800000003e-17,-0.496541314922,0.868013088942
0.172171144783,0.0490202167448,0.062896213735,-4.37400000001e-17,-0.496541248981,0.868013126664
0.169349940349,0.0490202167448,0.062896213735,-7.88600000002e-17,-0.496540806019,0.868013380057
0.166571475085,0.0490202167448,0.062896213735,7.79400000002e-17,-0.496540999445,0.868013269409
0.163824141416,0.0490202167448,0.062896213735,2.92600000001e-17,-0.496541327214,0.868013081911
0.161098154404,0.0490202167448,0.062896213735,8.54400000003e-17,-0.496540686644,0.868013448345
0.158385551743,0.0490202167448,0.062896213735,7.58400000002e-17,-0.496540914861,0.868013317795
0.155680193766,0.0490202167448,0.062896213735,-9.32000000003e-18,-0.496540879666,0.868013337928
0.152977763439,0.0490202167448,0.062896213735,2.66800000001e-17,-0.496540907528,0.86801332199
0.150275766361,0.0490202167448,0.062896213735,-6.20200000002e-17,-0.496541470534,0.868012999925
0.147573427774,0.0490202167448,0.062896213735,5.53200000002e-17,-0.496540826641,0.86801336826
0.144870788808,0.0490202167448,0.062896213735,-3.31400000001e-17,-0.496540641792,0.868013474002
0.142167946402,0.0490202167448,0.062896213735,-6.72200000003e-17,-0.496540866481,0.86801334547
0.139464998784,0.0490202167448,0.062896213735,-1.70600000001e-17,-0.49654116391,0.868013175328
0.13676204547,0.0490202167448,0.062896213735,1.746e-17,-0.496540750175,0.868013412002
0.134059187267,0.0490202167448,0.062896213735,-4.38000000001e-18,-0.496541074526,0.86801322646
0.131356526272,0.0490202167448,0.062896213735,-2.05760000001e-16,-0.496540816781,0.868013373901
0.128654165841,0.0490202167448,0.062896213735,5.29000000001e-17,-0.496541401302,0.868013039529
0.125952080973,0.0490202167448,0.062896213735,-8.20000000003e-18,-0.49654140415,0.8680130379
0.123249162948,0.0490202167448,0.062896213735,-8.28200000003e-17,-0.49654077703,0.86801339664
0.120542519746,0.0490202167448,0.062896213735,2.39000000001e-17,-0.496541656347,0.868012893633
0.117827434995,0.0490202167448,0.062896213735,3.89400000001e-17,-0.496540986169,0.868013277004
0.115097367969,0.0490202167448,0.062896213735,-1.62000000001e-18,-0.496540842833,0.868013358998
0.112343953584,0.0490202167448,0.062896213735,6.06200000001e-17,-0.496541048067,0.868013241595
0.109557002405,0.0490202167448,0.062896213735,2.52400000001e-17,-0.496541224166,0.868013140859
0.106724500641,0.0490202167448,0.062896213735,3.97400000001e-17,-0.496541095505,0.868013214458
0.103832613569,0.0490202167448,0.062896213735,-1.124e-17,-0.496540693169,0.868013444612
0.100865706795,0.0490202167448,0.062896213735,-8.94400000003e-17,-0.496541076437,0.868013225366
0.0979790672229,0.0490202167448,0.062896213735,-1.0112e-16,-0.496540828981,0.868013366922
0.0949938498552,0.0490202167448,0.062896213735,-2.43200000001e-17,-0.49654043807,0.868013590539
0.0918924963892,0.0490202167448,0.062896213735,-1.052e-17,-0.496540882856,0.868013336103
0.0888505073185,0.0490202167448,0.062896213735,6.47600000002e-17,-0.496540903269,0.868013324426
0.0856718713199,0.0490202167448,0.062896213735,-1.3278e-16,-0.496540495425,0.86801355773
0.082338501437,0.0490202167448,0.062896213735,4.75000000002e-17,-0.496540689043,0.868013446972
0.0790556025492,0.0490202167448,0.062896213735,1.2544e-16,-0.496541425419,0.868013025734
0.0755948426131,0.0490202167448,0.062896213735,2.35200000001e-17,-0.496541066174,0.868013231237
0.0721632603427,0.0490202167448,0.062896213735,1.568e-17,-0.496540588363,0.868013504566
0.0684783235797,0.0490202167448,0.062896213735,-3.19000000001e-17,-0.496541104922,0.868013209072
0.064763069342,0.0490202167448,0.062896213735,1.72200000001e-17,-0.49654060865,0.868013492961
0.0606875745048,0.0490202167448,0.062896213735,-2.07400000001e-17,-0.496541056904,0.86801323654
0.0565282824239,0.0490202167448,0.062896213735,-2.46600000001e-17,-0.496541116782,0.868013202287
0.0523094428103,0.0490202167448,0.062896213735,-5.46200000002e-17,-0.496540360295,0.86801363503
0.0476299570785,0.0490202167448,0.062896213735,-1.3234e-16,-0.496540796184,0.868013385683
0.0429111643969,0.0490202167448,0.062896213735,1.5176e-16,-0.49654104171,0.868013245232
0.0376845022965,0.0490202167448,0.062896213735,-8.16000000003e-17,-0.49654052391,0.868013541436
0.03249,0.0490202167448,0.062896213735,1.0656e-16,-0.496541025891,0.868013254281
0.03249,0.0490202167448,0.062896213735,-3.66000000001e-18,-0.496541151966,0.868013182161
0.03249,0.0504722918613,0.0637164858097,4.06800000009e-17,-0.489705894046,0.871887686194
0.03249,0.0516444940442,0.0643665415758,-7.43000000015e-17,-0.481792118402,0.876285544012
0.03249,0.0526717874841,0.0649272176102,-5.40000000007e-19,-0.47645687696,0.879197841443
0.03249,0.0536383038368,0.0654481907398,2.81800000002e-17,-0.472574957796,0.881290479504
0.03249,0.0546017409608,0.0659622936439,-1.67220000001e-16,-0.469491634038,0.882936920492
0.03249,0.0555712981903,0.066475235329,-1.30800000001e-17,-0.466472052191,0.884535937384
0.03249,0.0565775698244,0.0670032449704,-5.16400000004e-17,-0.463458159353,0.886118803846
0.03249,0.0576053268239,0.0675383622864,-1.48960000001e-16,-0.460604324824,0.887605574539
0.03249,0.0586534764345,0.0680805798511,-6.82000000001e-17,-0.458259501472,0.88881844564
0.03249,0.0597089334071,0.0686243820462,1.0524e-16,-0.457184659502,0.889371793524
0.03249,0.0607767669733,0.0691739438422,5.086e-17,-0.457221655212,0.889352774778
0.03249,0.0618365682021,0.0697201824441,5.85600000001e-17,-0.458354028435,0.888769702801
0.03249,0.0628711350791,0.0702548094618,-7.62000000001e-17,-0.46025571816,0.887786389792
0.03249,0.0638943465158,0.0707836063038,2.32400000001e-17,-0.459901332288,0.887970024584
0.03249,0.0649029081192,0.0713011912269,3.86400000008e-17,-0.456185979664,0.889884459892
0.03249,0.0658968863446,0.0718028649219,-8.38000000063e-17,-0.448429490442,0.893818209762
0.03249,0.0668782973569,0.0722856828398,-1.03020000009e-16,-0.436635977009,0.899638273742
0.03249,0.0678315321805,0.0727414009166,-5.44200000027e-17,-0.426381977839,0.904543204592
0.03249,0.0687846211749,0.0731864954005,-2.70200000004e-17,-0.419218399607,0.907885418669
0.03249,0.0697440969504,0.0736281551073,1.2754e-16,-0.415915135129,0.909403431031
0.03249,0.0707850802435,0.0741046430047,1.614e-17,-0.415805970743,0.909453349378
0.03249,0.0720152793845,0.0746674430735,-1.386e-17,-0.416060338864,0.909337008168
0.03249,0.0736464359534,0.0754144151181,1.1004e-16,-0.416698098216,0.909044935602
0.03249,0.0740238794982,0.075587366141,-6.372e-17,-0.416637313664,0.90907279624
0.0376845022965,0.0740238794982,0.075587366141,1.119e-16,-0.416637391957,0.909072760357
0.0429111643969,0.0740238794982,0.075587366141,-8.454e-17,-0.416637457243,0.909072730436
0.0476299570785,0.0740238794982,0.075587366141,3.34e-17,-0.416637208884,0.909072844261
0.0523094428103,0.0740238794982,0.075587366141,-1.171e-16,-0.416637238353,0.909072830755
0.0565282824239,0.0740238794982,0.075587366141,-1.952e-17,-0.416637309665,0.909072798072
0.0606875745048,0.0740238794982,0.075587366141,9.198e-17,-0.416637368005,0.909072771334
0.064763069342,0.0740238794982,0.075587366141,1.588e-16,-0.416637387844,0.909072762242
0.0684783235797,0.0740238794982,0.075587366141,1.9114e-16,-0.416637274641,0.909072814124
0.0721632603427,0.0740238794982,0.075587366141,-5.838e-17,-0.416637355097,0.90907277725
0.0755948426131,0.0740238794982,0.075587366141,-2.4464e-16,-0.416637312103,0.909072796955
0.0790556025492,0.0740238794982,0.075587366141,-2.104e-17,-0.41663734502,0.909072781869
0.082338501437,0.0740238794982,0.075587366141,7.996e-17,-0.416637467829,0.909072725584
0.0856718713199,0.0740238794982,0.075587366141,-7.23e-17,-0.416637343618,0.909072782511
0.0888505073185,0.0740238794982,0.075587366141,-4.11e-17,-0.416637270807,0.909072815882
0.0918924963892,0.0740238794982,0.075587366141,9.206e-17,-0.416637372676,0.909072769194
0.0949938498552,0.0740238794982,0.075587366141,-1.7568e-16,-0.41663740839,0.909072752826
0.0979790672229,0.0740238794982,0.075587366141,-1.6e-16,-0.416637331778,0.909072787938
0.100865706795,0.0740238794982,0.075587366141,2.938e-17,-0.416637308726,0.909072798503
0.103832613569,0.0740238794982,0.075587366141,8.732e-17,-0.416637262868,0.90907281952
0.106724500641,0.0740238794982,0.075587366141,1.86e-17,-0.416637342323,0.909072783105
0.109557002405,0.0740238794982,0.075587366141,4.108e-17,-0.416637356287,0.909072776705
0.112343953584,0.0740238794982,0.075587366141,1.3342e-16,-0.416637205455,0.909072845833
0.115097367969,0.0740238794982,0.075587366141,1.0912e-16,-0.416637395617,0.90907275868
0.117827434995,0.0740238794982,0.075587366141,-5.26e-17,-0.416637298626,0.909072803132
0.120542519746,0.0740238794982,0.075587366141,8.864e-17,-0.416637294986,0.9090728048
0.123249162948,0.0740238794982,0.075587366141,-2.422e-17,-0.416637391256,0.909072760679
0.125952080973,0.0740238794982,0.075587366141,3.78e-18,-0.416637409625,0.90907275226
0.128654165841,0.0740238794982,0.075587366141,4.76e-17,-0.416637299084,0.909072802922
0.131356526272,0.0740238794982,0.075587366141,-1.1e-16,-0.416637373639,0.909072768752
0.134059187267,0.0740238794982,0.075587366141,-1.508e-17,-0.416637407814,0.90907275309
0.13676204547,0.0740238794982,0.075587366141,-3.318e-17,-0.41663731931,0.909072793652
0.139464998784,0.0740238794982,0.075587366141,-6.836e-17,-0.416637314139,0.909072796022
0.142167946402,0.0740238794982,0.075587366141,-8.418e-17,-0.416637339544,0.909072784379
0.144870788808,0.0740238794982,0.075587366141,-1.288e-17,-0.416637222608,0.909072837971
0.147573427774,0.0740238794982,0.075587366141,2.398e-17,-0.416637330812,0.909072788381
0.150275766361,0.0740238794982,0.075587366141,-7.858e-17,-0.416637283469,0.909072810078
0.152977763439,0.0740238794982,0.075587366141,-6.23e-17,-0.416637211773,0.909072842937
0.155680193766,0.0740238794982,0.075587366141,-5.24e-18,-0.416637372844,0.909072769117
0.158385551743,0.0740238794982,0.075587366141,-7.53e-17,-0.416637353014,0.909072778205
0.161098154404,0.0740238794982,0.075587366141,7.53e-17,-0.416637149795,0.909072871342
0.163824141416,0.0740238794982,0.075587366141,-8.43e-17,-0.416637362125,0.90907277403
0.166571475085,0.0740238794982,0.075587366141,1.1512e-16,-0.41663733477,0.909072786566
0.169349940349,0.0740238794982,0.075587366141,1.2228e-16,-0.416637330504,0.909072788522
0.172171144783,0.0740238794982,0.075587366141,-1.2474e-16,-0.416637332589,0.909072787566
0.175048517161,0.0740238794982,0.075587366141,-7.096e-17,-0.416637312158,0.90907279693
0.177997290914,0.0740238794982,0.075587366141,-4.714e-17,-0.416637435292,0.909072740496
0.180863122393,0.0740238794982,0.075587366141,-1.892e-17,-0.416637382261,0.909072764801
0.183823611586,0.0740238794982,0.075587366141,-1.34e-17,-0.416637245142,0.909072827644
0.186895980906,0.0740238794982,0.075587366141,-6.264e-17,-0.416637392156,0.909072760266
0.189906502455,0.0740238794982,0.075587366141,1.3102e-16,-0.416637334494,0.909072786693
0.193049324226,0.0740238794982,0.075587366141,-8.246e-17,-0.416637365198,0.909072772621
0.196342253971,0.0740238794982,0.075587366141,2.028e-17,-0.416637314384,0.90907279591
0.199582558869,0.0740238794982,0.075587366141,9.08e-18,-0.416637302207,0.90907280149
0.202992212049,0.0740238794982,0.075587366141,-2.138e-17,-0.416637328804,0.909072789301
0.206611058739,0.0740238794982,0.075587366141,-1.2626e-16,-0.416637258402,0.909072821567
0.210233527944,0.0740238794982,0.075587366141,-1.68e-18,-0.416637232861,0.909072833273
0.214164943017,0.0740238794982,0.075587366141,5.554e-17,-0.41663737728,0.909072767084
0.218170188763,0.0740238794982,0.075587366141,-6.374e-17,-0.416637388139,0.909072762107
0.222246273522,0.0740238794982,0.075587366141,-2.902e-17,-0.416637250793,0.909072825054
0.226766050223,0.0740238794982,0.075587366141,-4.13e-17,-0.416637276011,0.909072813496
0.231373852508,0.0740238794982,0.075587366141,2.236e-17,-0.41663728704,0.909072808442
0.236503288464,0.0740238794982,0.075587366141,-1.0132e-16,-0.41663739433,0.90907275927
0.241687999729,0.0740238794982,0.075587366141,3.392e-17,-0.416637286013,0.909072808912
0.246835785755,0.0740238794982,0.075587366141,3.28e-18,-0.416637311328,0.90907279731
0.246835785755,0.0754855883442,0.0762541861356,2.01800000001e-17,-0.414387102659,0.910100724727
0.246835785755,0.0766163866108,0.0767649288926,2.18000000003e-17,-0.410244472543,0.911975587803
0.246835785755,0.0775902171007,0.0771992222773,4.99400000009e-17,-0.405148232752,0.914251010116
0.246835785755,0.0784956358505,0.0775973939278,-3.50000000006e-18,-0.400536256126,0.916280910818
0.246835785755,0.0794033444815,0.0779914365643,-6.13600000007e-17,-0.396516881323,0.918027430323
0.246835785755,0.0803317201801,0.0783900828868,9.91400000007e-17,-0.393122651133,0.919486041855
0.246835785755,0.081268433381,0.0787886053634,-2.11020000001e-16,-0.390411503654,0.920640460665
0.246835785755,0.0822125502511,0.0791868684276,-4.12400000002e-17,-0.387690226562,0.921789720179
0.246835785755,0.0831779722814,0.0795904803709,-2.69000000002e-17,-0.384618917015,0.923075451236
0.246835785755,0.0841376396909,0.0799876901018,7.21800000008e-17,-0.381215759018,0.924486097828
0.246835785755,0.0851044836962,0.0803834778274,6.18000000011e-18,-0.377362505886,0.926065623566
0.246835785755,0.0860730529187,0.0807754772958,-1.39120000002e-16,-0.373499791611,0.927630263449
0.246835785755,0.0870396017458,0.0811626015965,3.55200000002e-17,-0.370361464285,0.928887714297
0.246835785755,0.088021551202,0.0815525612079,1.131e-16,-0.367903982029,0.929863785727
0.246835785755,0.0889963333554,0.0819372171381,1.8194e-16,-0.366202626865,0.930535134252
0.246835785755,0.0899619314959,0.0823165692592,4.318e-17,-0.365162854192,0.930943655609
0.246835785755,0.0909172635505,0.0826906175714,1.6348e-16,-0.364193834915,0.931323171949
0.246835785755,0.0918643721276,0.0830602720164,-1.151e-16,-0.363199583389,0.931711362293
0.246835785755,0.09285883395,0.0834470618018,3.778e-17,-0.362116988921,0.932132654902
0.246835785755,0.0939726980269,0.0838784587018,-2.674e-17,-0.36077299186,0.932653659374
0.246835785755,0.0953688706044,0.0844152159947,-1.37820000001e-16,-0.357545833971,0.933895591921
0.241687999729,0.0964033450068,0.0848097268894,-4.40400000006e-17,-0.353347392073,0.935492180895
0.236503288464,0.0964033450068,0.0848097268894,-8.1160000001e-17,-0.353346887841,0.93549237135
0.231373852508,0.0964033450068,0.0848097268894,-1.05320000001e-16,-0.353345556507,0.935492874209
0.226766050223,0.0964033450068,0.0848097268894,1.13220000001e-16,-0.353346565641,0.935492493048
0.222246273522,0.0964033450068,0.0848097268894,1.20920000001e-16,-0.353345966219,0.935492719457
0.218170188763,0.0964033450068,0.0848097268894,-2.74600000003e-17,-0.353346401094,0.935492555199
0.214164943017,0.0964033450068,0.0848097268894,-4.63600000005e-17,-0.353346773045,0.935492414709
0.210233527944,0.0964033450068,0.0848097268894,6.24000000008e-18,-0.353346467928,0.935492529956
0.206611058739,0.0964033450068,0.0848097268894,7.66000000008e-18,-0.353348313237,0.935491832959
0.202992212049,0.0964033450068,0.0848097268894,-2.84400000004e-16,-0.353347046298,0.935492311499
0.199582558869,0.0964033450068,0.0848097268894,8.53200000013e-17,-0.353346048586,0.935492688346
0.196342253971,0.0964033450068,0.0848097268894,-7.9400000001e-18,-0.353346131259,0.935492657119
0.193049324226,0.0964033450068,0.0848097268894,1.44400000002e-17,-0.353347149349,0.935492272575
0.189906502455,0.0964033450068,0.0848097268894,-1.22200000001e-17,-0.353347033693,0.935492316259
0.186895980906,0.0964033450068,0.0848097268894,-4.00400000005e-17,-0.353347887054,0.935491993934
0.183823611586,0.0964033450068,0.0848097268894,-4.90800000008e-17,-0.353346619836,0.935492472578
0.180863122393,0.0964033450068,0.0848097268894,-9.58400000011e-17,-0.353347479902,0.935492147721
0.177997290914,0.0964033450068,0.0848097268894,-5.46600000005e-17,-0.35334582711,0.935492772
0.175048517161,0.0964033450068,0.0848097268894,7.57400000007e-17,-0.353346581404,0.935492487094
0.172171144783,0.0964033450068,0.0848097268894,-3.10200000003e-17,-0.353346637992,0.93549246572
0.169349940349,0.0964033450068,0.0848097268894,1.19940000001e-16,-0.353347798358,0.935492027436
0.166571475085,0.0964033450068,0.0848097268894,1.47660000002e-16,-0.353347002664,0.935492327979
0.163824141416,0.0964033450068,0.0848097268894,5.26000000005e-18,-0.353346816657,0.935492398237
0.161098154404,0.0964033450068,0.0848097268894,4.20600000005e-17,-0.35334735477,0.935492194985
0.158385551743,0.0964033450068,0.0848097268894,-1.17000000001e-17,-0.353346226085,0.935492621303
0.155680193766,0.0964033450068,0.0848097268894,2.79680000003e-16,-0.353345996898,0.935492707869
0.152977763439,0.0964033450068,0.0848097268894,4.40400000005e-17,-0.353345917992,0.935492737673
0.150275766361,0.0964033450068,0.0848097268894,6.26400000007e-17,-0.353346539741,0.935492502831
0.147573427774,0.0964033450068,0.0848097268894,-5.96000000006e-17,-0.353346356152,0.935492572175
0.144870788808,0.0964033450068,0.0848097268894,3.01800000004e-16,-0.353347144656,0.935492274347
0.142167946402,0.0964033450068,0.0848097268894,6.64200000008e-17,-0.353347016482,0.93549232276
0.139464998784,0.0964033450068,0.0848097268894,-1.23080000001e-16,-0.353347052003,0.935492309343
0.13676204547,0.0964033450068,0.0848097268894,3.88200000005e-17,-0.35334747702,0.935492148809
0.134059187267,0.0964033450068,0.0848097268894,8.48200000009e-17,-0.353347070069,0.93549230252
0.131356526272,0.0964033450068,0.0848097268894,-1.12720000002e-16,-0.353346743499,0.935492425869
0.128654165841,0.0964033450068,0.0848097268894,-1.08020000001e-16,-0.353346256921,0.935492609656
0.125952080973,0.0964033450068,0.0848097268894,1.02280000001e-16,-0.353347225932,0.935492243648
0.123249162948,0.0964033450068,0.0848097268894,1.63420000002e-16,-0.353346741381,0.935492426669
0.120542519746,0.0964033450068,0.0848097268894,1.39260000002e-16,-0.353346050127,0.935492687764
0.117827434995,0.0964033450068,0.0848097268894,-2.48800000003e-17,-0.353346648045,0.935492461923
0.115097367969,0.0964033450068,0.0848097268894,1.37240000002e-16,-0.353347684588,0.935492070408
0.112343953584,0.0964033450068,0.0848097268894,-6.78600000008e-17,-0.353346594861,0.935492482012
0.109557002405,0.0964033450068,0.0848097268894,1.36880000002e-16,-0.353345926757,0.935492734362
0.106724500641,0.0964033450068,0.0848097268894,4.61800000005e-17,-0.35334594377,0.935492727936
0.103832613569,0.0964033450068,0.0848097268894,-1.14980000001e-16,-0.353346615149,0.935492474348
0.100865706795,0.0964033450068,0.0848097268894,-8.02400000011e-17,-0.353347098506,0.935492291779
0.0979790672229,0.0964033450068,0.0848097268894,-2.07380000003e-16,-0.353346861106,0.935492381448
0.0949938498552,0.0964033450068,0.0848097268894,-1.49320000002e-16,-0.353346500714,0.935492517572
0.0918924963892,0.0964033450068,0.0848097268894,-1.17560000001e-16,-0.353345812489,0.935492777522
0.0888505073185,0.0964033450068,0.0848097268894,-1.59600000002e-17,-0.353346228497,0.935492620392
0.0856718713199,0.0964033450068,0.0848097268894,-6.43600000007e-17,-0.353345976952,0.935492715403
0.082338501437,0.0964033450068,0.0848097268894,1.79800000002e-17,-0.353346485898,0.935492523168
0.0790556025492,0.0964033450068,0.0848097268894,1.56940000002e-16,-0.353346781264,0.935492411605
0.0755948426131,0.0964033450068,0.0848097268894,-2.86600000004e-17,-0.353346375391,0.935492564908
0.0721632603427,0.0964033450068,0.0848097268894,-4.68000000005e-17,-0.353346894423,0.935492368863
0.0684783235797,0.0964033450068,0.0848097268894,6.52600000007e-17,-0.353346148353,0.935492650663
0.064763069342,0.0964033450068,0.0848097268894,1.76000000002e-18,-0.353346322152,0.935492585017
0.0606875745048,0.0964033450068,0.0848097268894,-9.26800000012e-17,-0.353346150485,0.935492649857
0.0565282824239,0.0964033450068,0.0848097268894,-5.58200000007e-17,-0.353347121222,0.935492283199
0.0523094428103,0.0964033450068,0.0848097268894,3.86600000005e-17,-0.353346189544,0.935492635104
0.0476299570785,0.0964033450068,0.0848097268894,1.03360000001e-16,-0.353346074782,0.935492678451
0.0429111643969,0.0964033450068,0.0848097268894,-2.68600000004e-17,-0.353346208841,0.935492627816
0.0376845022965,0.0964033450068,0.0848097268894,-6.50800000006e-17,-0.353346969224,0.93549234061
0.03249,0.0964033450068,0.0848097268894,-1.16080000001e-16,-0.353346336544,0.935492579581
0.03249,0.0964033450068,0.0848097268894,9.48000000011e-18,-0.353346851212,0.935492385185
0.03249,0.0974053275746,0.0851847717979,2.26200000003e-17,-0.348996469003,0.937124039081
0.03249,0.0981595726681,0.0854633689819,6.80200000007e-17,-0.344960381553,0.938617246357
0.03249,0.0988283070177,0.0857074032109,-2.81200000005e-17,-0.341509327007,0.93987838552
0.03249,0.0994928203383,0.0859471703362,-1.51540000003e-16,-0.338248030543,0.94105699606
0.03249,0.100164834348,0.0861871133455,3.95400000005e-17,-0.335166436989,0.94215893538
0.03249,0.100837203216,0.0864248323816,8.43000000009e-17,-0.332324579012,0.943165083209
0.03249,0.101521441755,0.0866645479906,4.89200000005e-17,-0.329704865852,0.944084054221
0.03249,0.102209574103,0.0869035755007,1.22180000001e-16,-0.327259833507,0.944934389983
0.03249,0.10290246552,0.0871423074912,6.38600000007e-17,-0.324923590794,0.945740270976
0.03249,0.103611111108,0.0873845610035,-7.10000000005e-17,-0.3226688854,0.946511907159
0.03249,0.104326120772,0.0876271559329,7.45000000005e-17,-0.32053159545,0.947237824582
0.03249,0.105047938937,0.0878703143894,7.00000000004e-19,-0.318514721187,0.947917914372
0.03249,0.105782636305,0.0881161122836,-2.97000000001e-17,-0.316602864969,0.948558182661
0.03249,0.106599373105,0.0883873371224,1.87300000002e-16,-0.314469957193,0.949267425978
0.03249,0.107652697161,0.0887339243424,2.83800000003e-17,-0.311269426735,0.950321705519
0.03249,0.108414191786,0.0889824136225,3.47400000004e-17,-0.308303642006,0.951288002829
0.0376845022965,0.108414191786,0.0889824136225,-7.46000000011e-17,-0.308303205029,0.951288144449
0.0429111643969,0.108414191786,0.0889824136225,-1.49340000002e-16,-0.308304698702,0.951287660363
0.0476299570785,0.108414191786,0.0889824136225,-2.19560000003e-16,-0.308303030252,0.951288201092
0.0523094428103,0.108414191786,0.0889824136225,-3.00200000004e-17,-0.308304046967,0.951287871585
0.0565282824239,0.108414191786,0.0889824136225,8.33000000011e-17,-0.308304606359,0.95128769029
0.0606875745048,0.108414191786,0.0889824136225,1.08060000002e-16,-0.308303649332,0.951288000454
0.064763069342,0.108414191786,0.0889824136225,-1.24400000001e-17,-0.308303937937,0.95128790692
0.0684783235797,0.108414191786,0.0889824136225,1.20000000001e-18,-0.308304283269,0.951287795001
0.0721632603427,0.108414191786,0.0889824136225,5.68000000008e-18,-0.30830514691,0.951287515102
0.0755948426131,0.108414191786,0.0889824136225,9.55200000012e-17,-0.308304726491,0.951287651356
0.0790556025492,0.108414191786,0.0889824136225,-7.7860000001e-17,-0.308304360827,0.951287769865
0.082338501437,0.108414191786,0.0889824136225,-1.53420000002e-16,-0.308303387868,0.951288085192
0.0856718713199,0.108414191786,0.0889824136225,-2.08200000003e-17,-0.308304574682,0.951287700556
0.0888505073185,0.108414191786,0.0889824136225,1.75260000002e-16,-0.308304084173,0.951287859526
0.0918924963892,0.108414191786,0.0889824136225,1.08960000001e-16,-0.308303097019,0.951288179454
0.0949938498552,0.108414191786,0.0889824136225,9.20000000014e-18,-0.308304845932,0.951287612647
0.0979790672229,0.108414191786,0.0889824136225,-1.25040000002e-16,-0.30830530034,0.951287465376
0.100865706795,0.108414191786,0.0889824136225,1.36600000002e-17,-0.308303736106,0.951287972332
0.103832613569,0.108414191786,0.0889824136225,-1.81060000002e-16,-0.308303729131,0.951287974592
0.106724500641,0.108414191786,0.0889824136225,3.57200000005e-17,-0.308301675266,0.951288640229
0.109557002405,0.108414191786,0.0889824136225,-8.06000000008e-17,-0.308303865148,0.95128793051
0.112343953584,0.108414191786,0.0889824136225,2.25600000003e-17,-0.308305401236,0.951287432677
0.115097367969,0.108414191786,0.0889824136225,-1.16400000002e-16,-0.308304756754,0.951287641548
0.117827434995,0.108414191786,0.0889824136225,-1.69720000002e-16,-0.308303514903,0.951288044022
0.120542519746,0.108414191786,0.0889824136225,-1.20120000002e-16,-0.308304011809,0.951287882979
0.123249162948,0.108414191786,0.0889824136225,-1.63400000002e-16,-0.308303409054,0.951288078326
0.125952080973,0.108414191786,0.0889824136225,-7.82600000009e-17,-0.308306054739,0.951287220881
0.128654165841,0.108414191786,0.0889824136225,7.91400000012e-17,-0.308304037082,0.951287874788
0.131356526272,0.108414191786,0.0889824136225,-2.09820000003e-16,-0.308302233558,0.951288459293
0.134059187267,0.108414191786,0.0889824136225,1.72420000002e-16,-0.308303681439,0.951287990049
0.13676204547,0.108414191786,0.0889824136225,-1.27200000002e-16,-0.308303191181,0.951288148937
0.139464998784,0.108414191786,0.0889824136225,-8.33000000012e-17,-0.308303250094,0.951288129844
0.142167946402,0.108414191786,0.0889824136225,2.68000000003e-17,-0.308303424875,0.951288073199
0.144870788808,0.108414191786,0.0889824136225,-7.62000000012e-17,-0.308303147545,0.951288163079
0.147573427774,0.108414191786,0.0889824136225,6.49600000008e-17,-0.308304086457,0.951287858786
0.150275766361,0.108414191786,0.0889824136225,6.97000000009e-17,-0.308304307991,0.951287786989
0.152977763439,0.108414191786,0.0889824136225,-1.18300000002e-16,-0.308303951994,0.951287902364
0.155680193766,0.108414191786,0.0889824136225,-3.94000000005e-18,-0.308303407347,0.951288078879
0.158385551743,0.108414191786,0.0889824136225,1.54680000003e-16,-0.308303250812,0.951288129611
0.161098154404,0.108414191786,0.0889824136225,-8.42000000014e-17,-0.308303719175,0.951287977819
0.163824141416,0.108414191786,0.0889824136225,3.45600000004e-17,-0.308304161917,0.95128783433
0.166571475085,0.108414191786,0.0889824136225,-1.08080000001e-16,-0.308304315609,0.95128778452
0.169349940349,0.108414191786,0.0889824136225,-2.98000000005e-18,-0.308303421155,0.951288074404
0.172171144783,0.108414191786,0.0889824136225,2.26800000003e-17,-0.308304626764,0.951287683677
0.175048517161,0.108414191786,0.0889824136225,6.3520000001e-17,-0.308303126541,0.951288169886
0.177997290914,0.108414191786,0.0889824136225,1.34220000002e-16,-0.308304971966,0.9512875718
0.180863122393,0.108414191786,0.0889824136225,-2.61600000003e-17,-0.308303242715,0.951288132235
0.183823611586,0.108414191786,0.0889824136225,1.20740000002e-16,-0.308304766398,0.951287638423
0.186895980906,0.108414191786,0.0889824136225,-7.35800000009e-17,-0.308305091952,0.951287532914
0.189906502455,0.108414191786,0.0889824136225,-1.71640000002e-16,-0.308303406653,0.951288079105
0.193049324226,0.108414191786,0.0889824136225,-1.16000000001e-18,-0.308303234997,0.951288134736
0.196342253971,0.108414191786,0.0889824136225,-5.99000000008e-17,-0.308302904561,0.951288241827
0.199582558869,0.108414191786,0.0889824136225,7.94600000015e-17,-0.30830465622,0.951287674131
0.202992212049,0.108414191786,0.0889824136225,3.17200000004e-17,-0.308303729887,0.951287974347
0.206611058739,0.108414191786,0.0889824136225,-5.47400000007e-17,-0.308304245392,0.951287807277
0.210233527944,0.108414191786,0.0889824136225,1.94000000002e-17,-0.308303475876,0.95128805667
0.214164943017,0.108414191786,0.0889824136225,-6.23200000009e-17,-0.308304211798,0.951287818164
0.218170188763,0.108414191786,0.0889824136225,-6.00000000011e-20,-0.308303276989,0.951288121127
0.222246273522,0.108414191786,0.0889824136225,2.24400000003e-17,-0.308303562658,0.951288028545
0.226766050223,0.108414191786,0.0889824136225,6.1980000001e-17,-0.308304288614,0.951287793269
0.231373852508,0.108414191786,0.0889824136225,3.20800000005e-17,-0.308303808554,0.951287948852
0.236503288464,0.108414191786,0.0889824136225,-3.93300000006e-16,-0.308303751486,0.951287967347
0.241687999729,0.108414191786,0.0889824136225,7.92800000013e-17,-0.308303326187,0.951288105183
0.246835785755,0.108414191786,0.0889824136225,7.05200000009e-17,-0.308303431595,0.951288071021
0.246835785755,0.109688000019,0.0893908140418,2.94600000004e-17,-0.303797274793,0.952736698059
0.246835785755,0.110657435355,0.0896970974164,6.85400000011e-17,-0.299688131952,0.954037223366
0.246835785755,0.111519204393,0.089965590422,-2.48800000006e-17,-0.295824004616,0.955242460474
0.246835785755,0.112352458755,0.0902215902198,-1.51600000003e-17,-0.292283998864,0.956331565937
0.246835785755,0.113184857754,0.0904740412099,-2.58980000005e-16,-0.288935452218,0.95734858043
0.246835785755,0.114018639153,0.0907237989031,7.34000000013e-18,-0.285705613027,0.958317433153
0.246835785755,0.11485008658,0.0909698497434,1.07920000002e-16,-0.282553630302,0.959251502997
0.246835785755,0.115675489681,0.0912111826822,-2.95000000004e-17,-0.279437504081,0.960163882529
0.246835785755,0.116491273747,0.0914468431903,-2.41760000003e-16,-0.276320017172,0.961065683556
0.246835785755,0.117308375179,0.0916801303116,1.19120000001e-16,-0.273323939383,0.961922046821
0.246835785755,0.118112019072,0.0919072045387,9.26600000007e-17,-0.270895019232,0.962608896985
0.246835785755,0.118915465438,0.0921323593064,2.50200000001e-16,-0.269042466582,0.963128315011
0.246835785755,0.119705576375,0.0923525044069,5.31800000001e-17,-0.267852583317,0.96345990763
0.246835785755,0.120495359546,0.0925718942318,-9.428e-17,-0.267361965005,0.963596170431
0.246835785755,0.121274404228,0.0927882869038,1.169e-16,-0.267636066698,0.963520075454
0.246835785755,0.122103374516,0.0930191279865,-1.9476e-16,-0.268646122021,0.963238942902
0.246835785755,0.123095893599,0.0932961415775,1.316e-17,-0.26907058357,0.963120460305
0.241687999729,0.124154060158,0.0935912489293,-5.42600000001e-17,-0.267883399935,0.963451339736
0.236503288464,0.124154060158,0.0935912489293,9.95000000003e-17,-0.26788353628,0.963451301826
0.231373852508,0.124154060158,0.0935912489293,1.9824e-16,-0.267883315643,0.963451363173
0.226766050223,0.124154060158,0.0935912489293,-2.79600000001e-17,-0.267883097213,0.963451423907
0.222246273522,0.124154060158,0.0935912489293,9.81200000003e-17,-0.26788332388,0.963451360883
0.218170188763,0.124154060158,0.0935912489293,-1.5844e-16,-0.267883619719,0.963451278626
0.214164943017,0.124154060158,0.0935912489293,1.2358e-16,-0.267883208278,0.963451393025
0.210233527944,0.124154060158,0.0935912489293,6.54000000002e-18,-0.267883019173,0.963451445605
0.206611058739,0.124154060158,0.0935912489293,2.71340000001e-16,-0.267883075463,0.963451429954
0.202992212049,0.124154060158,0.0935912489293,4.53200000001e-17,-0.267883095698,0.963451424328
0.199582558869,0.124154060158,0.0935912489293,1.628e-17,-0.26788363879,0.963451273324
0.196342253971,0.124154060158,0.0935912489293,-1.3234e-16,-0.267883160988,0.963451406174
0.193049324226,0.124154060158,0.0935912489293,-4.08200000001e-17,-0.267882741381,0.963451522844
0.189906502455,0.124154060158,0.0935912489293,6.70400000002e-17,-0.26788320205,0.963451394757
0.186895980906,0.124154060158,0.0935912489293,-8.28800000002e-17,-0.267882930181,0.963451470349
0.183823611586,0.124154060158,0.0935912489293,-2.62600000001e-17,-0.267883049947,0.963451437049
0.180863122393,0.124154060158,0.0935912489293,9.88400000003e-17,-0.26788299225,0.963451453091
0.177997290914,0.124154060158,0.0935912489293,-6.23600000002e-17,-0.267883558824,0.963451295558
0.175048517161,0.124154060158,0.0935912489293,7.92000000002e-18,-0.267883331617,0.963451358732
0.172171144783,0.124154060158,0.0935912489293,9.45800000003e-17,-0.267882908356,0.963451476417
0.169349940349,0.124154060158,0.0935912489293,5.02000000001e-18,-0.267883341657,0.96345135594
0.166571475085,0.124154060158,0.0935912489293,-8.30000000002e-17,-0.267882572031,0.963451569931
0.163824141416,0.124154060158,0.0935912489293,-2.11800000001e-17,-0.26788324398,0.963451383099
0.161098154404,0.124154060158,0.0935912489293,-6.80000000002e-19,-0.26788313813,0.96345141253
0.158385551743,0.124154060158,0.0935912489293,3.27600000001e-17,-0.267882916981,0.963451474019
0.155680193766,0.124154060158,0.0935912489293,1.55520000001e-16,-0.267883311041,0.963451364453
0.152977763439,0.124154060158,0.0935912489293,-3.59400000001e-17,-0.26788355669,0.963451296151
0.150275766361,0.124154060158,0.0935912489293,-1.76480000001e-16,-0.267882938419,0.963451468058
0.147573427774,0.124154060158,0.0935912489293,-6.17600000002e-17,-0.267883739449,0.963451245336
0.144870788808,0.124154060158,0.0935912489293,1.93580000001e-16,-0.267883810018,0.963451225714
0.142167946402,0.124154060158,0.0935912489293,1.2336e-16,-0.267883193383,0.963451397167
0.139464998784,0.124154060158,0.0935912489293,-2.22200000001e-17,-0.267883265035,0.963451377245
0.13676204547,0.124154060158,0.0935912489293,5.34000000002e-18,-0.267883161054,0.963451406156
0.134059187267,0.124154060158,0.0935912489293,-9.60600000003e-17,-0.26788328099,0.963451372808
0.131356526272,0.124154060158,0.0935912489293,6.90200000002e-17,-0.26788311585,0.963451418724
0.128654165841,0.124154060158,0.0935912489293,-9.61000000004e-17,-0.267883182394,0.963451400222
0.125952080973,0.124154060158,0.0935912489293,1.516e-17,-0.267883004616,0.963451449653
0.123249162948,0.124154060158,0.0935912489293,-8.89000000002e-17,-0.267883543289,0.963451299877
0.120542519746,0.124154060158,0.0935912489293,-1.228e-16,-0.267883732153,0.963451247364
0.117827434995,0.124154060158,0.0935912489293,2.03800000001e-17,-0.267883273778,0.963451374813
0.115097367969,0.124154060158,0.0935912489293,1.3784e-16,-0.267883202709,0.963451394574
0.112343953584,0.124154060158,0.0935912489293,-1.0414e-16,-0.267882868066,0.96345148762
0.109557002405,0.124154060158,0.0935912489293,-7.59000000002e-17,-0.267883582507,0.963451288973
0.106724500641,0.124154060158,0.0935912489293,-1.641e-16,-0.26788334782,0.963451354226
0.103832613569,0.124154060158,0.0935912489293,8.16200000003e-17,-0.267882875533,0.963451485544
0.100865706795,0.124154060158,0.0935912489293,2.54800000001e-16,-0.26788334301,0.963451355564
0.0979790672229,0.124154060158,0.0935912489293,-6.32000000002e-18,-0.267883371857,0.963451347543
0.0949938498552,0.124154060158,0.0935912489293,-1.3304e-16,-0.267883175413,0.963451402163
0.0918924963892,0.124154060158,0.0935912489293,5.96600000002e-17,-0.267883590701,0.963451286694
0.0888505073185,0.124154060158,0.0935912489293,1.5298e-16,-0.267883545047,0.963451299388
0.0856718713199,0.124154060158,0.0935912489293,5.97600000002e-17,-0.267883033326,0.96345144167
0.082338501437,0.124154060158,0.0935912489293,-7.56000000002e-17,-0.267883295748,0.963451368705
0.0790556025492,0.124154060158,0.0935912489293,2.45600000001e-17,-0.267883443389,0.963451327654
0.0755948426131,0.124154060158,0.0935912489293,-4.48800000001e-17,-0.267883070639,0.963451431295
0.0721632603427,0.124154060158,0.0935912489293,1.964e-17,-0.267883537924,0.963451301369
0.0684783235797,0.124154060158,0.0935912489293,2.51200000001e-17,-0.267883225976,0.963451388105
0.064763069342,0.124154060158,0.0935912489293,-3.64600000001e-17,-0.267883137813,0.963451412618
0.0606875745048,0.124154060158,0.0935912489293,1.4414e-16,-0.26788321561,0.963451390987
0.0565282824239,0.124154060158,0.0935912489293,1.2586e-16,-0.267883410973,0.963451336667
0.0523094428103,0.124154060158,0.0935912489293,-1.0436e-16,-0.267883272169,0.963451375261
0.0476299570785,0.124154060158,0.0935912489293,1.4754e-16,-0.26788291503,0.963451474562
0.0429111643969,0.124154060158,0.0935912489293,-8.33200000002e-17,-0.267883357902,0.963451351423
0.0376845022965,0.124154060158,0.0935912489293,-8.73200000003e-17,-0.267882908587,0.963451476353
0.03249,0.124154060158,0.0935912489293,-5.73000000002e-17,-0.267883598302,0.963451284581
0.03249,0.124154060158,0.0935912489293,3.14000000001e-18,-0.267882925154,0.963451471747
0.03249,0.125464851293,0.0939523973676,-3.76400000005e-17,-0.264447643338,0.964400043516
0.03249,0.126444616109,0.0942179626919,-1.11260000003e-16,-0.259848323057,0.965649444159
0.03249,0.127288292701,0.0944424894587,-2.68840000008e-16,-0.255237806033,0.966878307943
0.03249,0.128092451959,0.0946523835309,3.82800000008e-17,-0.250845594003,0.968027111175
0.03249,0.128904718731,0.0948604731835,-1.34400000002e-17,-0.246513140491,0.969139448978
0.03249,0.12972115279,0.095065848694,-1.25340000002e-16,-0.242355879188,0.970187418916
0.03249,0.130532424913,0.0952664086608,-7.62000000011e-18,-0.238503648498,0.971141601237
0.03249,0.131354762009,0.0954664766279,-3.61000000003e-17,-0.235013935854,0.971992000972
0.03249,0.132188484303,0.0956664772574,1.26560000001e-16,-0.232085910797,0.97269529145
0.03249,0.133017977169,0.0958631413363,2.07940000001e-16,-0.229727477157,0.973254995486
0.03249,0.133855346541,0.0960598054153,1.50480000001e-16,-0.227855309847,0.973695002439
0.03249,0.13469889242,0.0962564694942,-1.3018e-16,-0.226448965122,0.974023031655
0.03249,0.135547202493,0.0964531335732,3.814e-17,-0.225477792275,0.974248307769
0.03249,0.136400123853,0.0966497976521,-6.14000000002e-18,-0.22430008971,0.974520122807
0.03249,0.137246657932,0.0968435900661,-3.63400000002e-17,-0.222599216528,0.974910041389
0.03249,0.138155785342,0.0970495700275,1.54400000001e-17,-0.220228322432,0.975448351272
0.03249,0.13922378372,0.0972882314387,7.41200000006e-17,-0.216804395158,0.976215065567
0.03249,0.140693701165,0.0976103197199,8.1300000001e-17,-0.211245816861,0.977432966939
0.03249,0.140871448932,0.0976489097907,-1.56740000002e-16,-0.210224590495,0.977653119236
0.0376845022965,0.140871448932,0.0976489097907,9.85400000015e-17,-0.210224943742,0.977653043277
0.0429111643969,0.140871448932,0.0976489097907,2.94600000003e-17,-0.210226332841,0.977652744578
0.0476299570785,0.140871448932,0.0976489097907,-2.52780000003e-16,-0.210224830764,0.977653067571
0.0523094428103,0.140871448932,0.0976489097907,5.80800000006e-17,-0.210225401321,0.977652944883
0.0565282824239,0.140871448932,0.0976489097907,1.65000000002e-17,-0.210224717733,0.977653091876
0.0606875745048,0.140871448932,0.0976489097907,-4.55200000005e-17,-0.210225183867,0.977652991643
0.064763069342,0.140871448932,0.0976489097907,-2.30400000003e-17,-0.210224966685,0.977653038344
0.0684783235797,0.140871448932,0.0976489097907,7.75400000009e-17,-0.210226262252,0.977652759756
0.0721632603427,0.140871448932,0.0976489097907,-4.55200000007e-17,-0.210225396496,0.977652945921
0.0755948426131,0.140871448932,0.0976489097907,-2.32320000003e-16,-0.210225738786,0.977652872318
0.0790556025492,0.140871448932,0.0976489097907,5.09400000006e-17,-0.210226848383,0.97765263372
0.082338501437,0.140871448932,0.0976489097907,2.86800000004e-17,-0.210225769017,0.977652865818
0.0856718713199,0.140871448932,0.0976489097907,-6.0000000001e-17,-0.210225057052,0.977653018912
0.0888505073185,0.140871448932,0.0976489097907,-6.52600000008e-17,-0.210224221124,0.977653198661
0.0918924963892,0.140871448932,0.0976489097907,1.47660000002e-16,-0.210224923865,0.977653047551
0.0949938498552,0.140871448932,0.0976489097907,1.82120000002e-16,-0.210225733269,0.977652873504
0.0979790672229,0.140871448932,0.0976489097907,2.85180000004e-16,-0.210224313025,0.9776531789
0.100865706795,0.140871448932,0.0976489097907,-1.63800000002e-17,-0.210224626694,0.977653111452
0.103832613569,0.140871448932,0.0976489097907,-2.33420000002e-16,-0.21022504648,0.977653021185
0.106724500641,0.140871448932,0.0976489097907,-8.05000000012e-17,-0.210223863129,0.977653275641
0.109557002405,0.140871448932,0.0976489097907,-6.71000000008e-17,-0.210225465002,0.97765293119
0.112343953584,0.140871448932,0.0976489097907,2.84800000004e-17,-0.210224536266,0.977653130896
0.115097367969,0.140871448932,0.0976489097907,7.81400000011e-17,-0.21022485429,0.977653062512
0.117827434995,0.140871448932,0.0976489097907,-8.93000000011e-17,-0.210226007175,0.977652814606
0.120542519746,0.140871448932,0.0976489097907,1.09840000001e-16,-0.210226541471,0.977652699716
0.123249162948,0.140871448932,0.0976489097907,8.03200000011e-17,-0.210225367652,0.977652952123
0.125952080973,0.140871448932,0.0976489097907,-9.21800000011e-17,-0.210224380967,0.97765316429
0.128654165841,0.140871448932,0.0976489097907,-1.30200000001e-16,-0.210226105986,0.977652793359
0.131356526272,0.140871448932,0.0976489097907,-2.00400000002e-16,-0.210224689768,0.977653097889
0.134059187267,0.140871448932,0.0976489097907,4.88200000006e-17,-0.210223923459,0.977653262668
0.13676204547,0.140871448932,0.0976489097907,4.21000000006e-17,-0.210226232154,0.977652766229
0.139464998784,0.140871448932,0.0976489097907,-1.55900000002e-16,-0.210224813068,0.977653071376
0.142167946402,0.140871448932,0.0976489097907,-1.23400000002e-16,-0.210223992569,0.977653247807
0.144870788808,0.140871448932,0.0976489097907,-1.03140000001e-16,-0.210226488801,0.977652711041
0.147573427774,0.140871448932,0.0976489097907,4.26000000005e-17,-0.210224384907,0.977653163443
0.150275766361,0.140871448932,0.0976489097907,6.55200000008e-17,-0.210225131357,0.977653002934
0.152977763439,0.140871448932,0.0976489097907,3.00400000003e-17,-0.210225493722,0.977652925014
0.155680193766,0.140871448932,0.0976489097907,2.12600000003e-17,-0.210224967304,0.97765303821
0.158385551743,0.140871448932,0.0976489097907,1.49860000002e-16,-0.210226364383,0.977652737795
0.161098154404,0.140871448932,0.0976489097907,-1.07040000001e-16,-0.210224718071,0.977653091803
0.163824141416,0.140871448932,0.0976489097907,-1.25400000002e-16,-0.210225108054,0.977653007945
0.166571475085,0.140871448932,0.0976489097907,-2.52000000003e-17,-0.210225263786,0.977652974458
0.169349940349,0.140871448932,0.0976489097907,1.27560000002e-16,-0.210226149829,0.977652783931
0.172171144783,0.140871448932,0.0976489097907,2.29400000003e-17,-0.210225503383,0.977652922937
0.175048517161,0.140871448932,0.0976489097907,6.13400000007e-17,-0.210225030015,0.977653024726
0.177997290914,0.140871448932,0.0976489097907,4.13780000006e-16,-0.21022451785,0.977653134856
0.180863122393,0.140871448932,0.0976489097907,1.62640000002e-16,-0.210224380313,0.977653164431
0.183823611586,0.140871448932,0.0976489097907,-2.24460000003e-16,-0.210224995881,0.977653032066
0.186895980906,0.140871448932,0.0976489097907,1.00240000001e-16,-0.21022517683,0.977652993156
0.189906502455,0.140871448932,0.0976489097907,-1.29700000002e-16,-0.210226245653,0.977652763326
0.193049324226,0.140871448932,0.0976489097907,-1.79640000002e-16,-0.210224353284,0.977653170243
0.196342253971,0.140871448932,0.0976489097907,-1.77840000002e-16,-0.210225117984,0.97765300581
0.199582558869,0.140871448932,0.0976489097907,1.29480000002e-16,-0.210225032499,0.977653024191
0.202992212049,0.140871448932,0.0976489097907,5.90400000007e-17,-0.210224732464,0.977653088708
0.206611058739,0.140871448932,0.0976489097907,-6.01200000008e-17,-0.210225385164,0.977652948358
0.210233527944,0.140871448932,0.0976489097907,-5.60600000008e-17,-0.210224740077,0.977653087071
0.214164943017,0.140871448932,0.0976489097907,-2.93400000004e-17,-0.210224958934,0.97765304001
0.218170188763,0.140871448932,0.0976489097907,-1.69480000002e-16,-0.210225660415,0.97765288917
0.222246273522,0.140871448932,0.0976489097907,-5.53800000007e-17,-0.210225235953,0.977652980443
0.226766050223,0.140871448932,0.0976489097907,-1.28000000002e-18,-0.21022421821,0.977653199288
0.231373852508,0.140871448932,0.0976489097907,1.37360000002e-16,-0.210225972966,0.977652821962
0.236503288464,0.140871448932,0.0976489097907,-1.03780000001e-16,-0.210225362019,0.977652953335
0.241687999729,0.140871448932,0.0976489097907,5.78200000007e-17,-0.210225776799,0.977652864144
0.246835785755,0.140871448932,0.0976489097907,-1.02520000001e-16,-0.210223512202,0.9776533511
0.246835785755,0.141940475679,0.0978763580586,5.16000000004e-18,-0.206960590027,0.978349280255
0.246835785755,0.142747612426,0.0980458317937,5.63000000004e-17,-0.204541067236,0.978857983476
0.246835785755,0.143462626166,0.0981943404483,-1.44440000001e-16,-0.202595306444,0.979262549987
0.246835785755,0.144164028772,0.098338617987,1.42400000001e-17,-0.200838089077,0.979624449458
0.246835785755,0.144874634914,0.0984835189698,-1.73000000001e-17,-0.199198269582,0.979959208026
0.246835785755,0.145582905857,0.0986267567256,1.57180000001e-16,-0.19768417932,0.98026576256
0.246835785755,0.146288094678,0.0987681809077,-1.32820000001e-16,-0.196068416311,0.980590218249
0.246835785755,0.146990584114,0.0989077541354,-2.70940000002e-16,-0.194234681377,0.980955089976
0.246835785755,0.147691113152,0.099045474653,1.01380000001e-16,-0.192187422303,0.981358239742
0.246835785755,0.148390438287,0.0991813424555,2.97400000003e-17,-0.189927535298,0.981798111292
0.246835785755,0.149089316063,0.0993153575431,-1.42160000002e-16,-0.187462446401,0.982271770535
0.246835785755,0.149788502481,0.0994475198554,3.21260000005e-16,-0.184799908708,0.982776166653
0.246835785755,0.150497856277,0.0995794880792,-1.81600000004e-17,-0.181908021741,0.983315550384
0.246835785755,0.151298902788,0.0997258238609,2.16500000003e-16,-0.17853022834,0.983934427474
0.246835785755,0.152419109289,0.0999260580194,-6.8020000001e-17,-0.17385867733,0.984770613045
0.241687999729,0.152639819859,0.0999650559399,-7.66000000016e-17,-0.172522028434,0.985005659732
0.236503288464,0.152639819859,0.0999650559399,-4.36200000007e-17,-0.172522675996,0.985005546313
0.231373852508,0.152639819859,0.0999650559399,-1.08740000002e-16,-0.172523287647,0.985005439183
0.226766050223,0.152639819859,0.0999650559399,8.26000000014e-18,-0.172522815487,0.985005521881
0.222246273522,0.152639819859,0.0999650559399,1.09280000002e-16,-0.172522266022,0.985005618119
0.218170188763,0.152639819859,0.0999650559399,-2.36860000003e-16,-0.172522150119,0.98500563842
0.214164943017,0.152639819859,0.0999650559399,7.39200000012e-17,-0.172522362358,0.985005601246
0.210233527944,0.152639819859,0.0999650559399,-1.29760000002e-16,-0.172524456937,0.985005234381
0.206611058739,0.152639819859,0.0999650559399,1.81400000003e-17,-0.172522847448,0.985005516283
0.202992212049,0.152639819859,0.0999650559399,-3.67200000006e-17,-0.172522394702,0.985005595581
0.199582558869,0.152639819859,0.0999650559399,3.34000000005e-17,-0.172523390369,0.985005421191
0.196342253971,0.152639819859,0.0999650559399,2.23280000004e-16,-0.172522935868,0.985005500797
0.193049324226,0.152639819859,0.0999650559399,1.82400000004e-17,-0.172521608625,0.985005733261
0.189906502455,0.152639819859,0.0999650559399,4.06200000006e-17,-0.172522492213,0.985005578502
0.186895980906,0.152639819859,0.0999650559399,1.42140000002e-16,-0.172522977649,0.985005493479
0.183823611586,0.152639819859,0.0999650559399,1.69660000003e-16,-0.172523338059,0.985005430353
0.180863122393,0.152639819859,0.0999650559399,-2.53680000003e-16,-0.172520692941,0.985005893641
0.177997290914,0.152639819859,0.0999650559399,3.00880000006e-16,-0.172522326968,0.985005607445
0.175048517161,0.152639819859,0.0999650559399,4.19400000007e-17,-0.172522106636,0.985005646035
0.172171144783,0.152639819859,0.0999650559399,-1.20800000002e-17,-0.172523193519,0.985005455669
0.169349940349,0.152639819859,0.0999650559399,-1.61840000003e-16,-0.172523270602,0.985005442168
0.166571475085,0.152639819859,0.0999650559399,2.39380000004e-16,-0.172523245637,0.985005446541
0.163824141416,0.152639819859,0.0999650559399,-1.19420000002e-16,-0.172524314829,0.985005259272
0.161098154404,0.152639819859,0.0999650559399,-2.23400000003e-17,-0.172523387354,0.985005421719
0.158385551743,0.152639819859,0.0999650559399,5.4600000001e-18,-0.172524303298,0.985005261291
0.155680193766,0.152639819859,0.0999650559399,1.82480000003e-16,-0.172522366953,0.985005600441
0.152977763439,0.152639819859,0.0999650559399,8.29800000019e-17,-0.172522692104,0.985005543492
0.150275766361,0.152639819859,0.0999650559399,-1.12420000002e-16,-0.172524340869,0.985005254711
0.147573427774,0.152639819859,0.0999650559399,-6.43800000013e-17,-0.172523240071,0.985005447516
0.144870788808,0.152639819859,0.0999650559399,1.55380000002e-16,-0.172522292707,0.985005613445
0.142167946402,0.152639819859,0.0999650559399,-6.50000000008e-18,-0.172524735003,0.985005185678
0.139464998784,0.152639819859,0.0999650559399,1.18180000002e-16,-0.172523437381,0.985005412957
0.13676204547,0.152639819859,0.0999650559399,1.22900000002e-16,-0.172523380829,0.985005422862
0.134059187267,0.152639819859,0.0999650559399,-1.31800000002e-17,-0.172522666668,0.985005547947
0.131356526272,0.152639819859,0.0999650559399,-1.99040000002e-16,-0.172523223828,0.985005450361
0.128654165841,0.152639819859,0.0999650559399,-6.39600000011e-17,-0.172523972738,0.985005319189
0.125952080973,0.152639819859,0.0999650559399,1.89320000003e-16,-0.172523926138,0.985005327351
0.123249162948,0.152639819859,0.0999650559399,-1.46300000002e-16,-0.17252348592,0.985005404455
0.120542519746,0.152639819859,0.0999650559399,-3.56200000006e-17,-0.17252384084,0.985005342291
0.117827434995,0.152639819859,0.0999650559399,7.25400000014e-17,-0.172522624136,0.985005555396
0.115097367969,0.152639819859,0.0999650559399,8.46800000014e-17,-0.172523435564,0.985005413275
0.112343953584,0.152639819859,0.0999650559399,-7.49600000011e-17,-0.172522933439,0.985005501222
0.109557002405,0.152639819859,0.0999650559399,-9.15200000017e-17,-0.172523501454,0.985005401735
0.106724500641,0.152639819859,0.0999650559399,7.2320000001e-17,-0.172522076025,0.985005651397
0.103832613569,0.152639819859,0.0999650559399,1.56720000003e-16,-0.172522683387,0.985005545018
0.100865706795,0.152639819859,0.0999650559399,9.56200000017e-17,-0.172522682275,0.985005545213
0.0979790672229,0.152639819859,0.0999650559399,1.15400000002e-16,-0.172523855708,0.985005339687
0.0949938498552,0.152639819859,0.0999650559399,4.16000000008e-17,-0.172522492044,0.985005578532
0.0918924963892,0.152639819859,0.0999650559399,8.05600000012e-17,-0.172523490373,0.985005403675
0.0888505073185,0.152639819859,0.0999650559399,6.74000000009e-18,-0.172522553763,0.985005567722
0.0856718713199,0.152639819859,0.0999650559399,-7.5660000001e-17,-0.172521678221,0.985005721072
0.082338501437,0.152639819859,0.0999650559399,2.43180000004e-16,-0.17252474301,0.985005184275
0.0790556025492,0.152639819859,0.0999650559399,1.07800000002e-17,-0.17252339668,0.985005420086
0.0755948426131,0.152639819859,0.0999650559399,8.24600000014e-17,-0.172523463784,0.985005408332
0.0721632603427,0.152639819859,0.0999650559399,3.44760000007e-16,-0.172522610878,0.985005557718
0.0684783235797,0.152639819859,0.0999650559399,1.36800000002e-17,-0.17252377487,0.985005353846
0.064763069342,0.152639819859,0.0999650559399,2.00500000003e-16,-0.17252331104,0.985005435085
0.0606875745048,0.152639819859,0.0999650559399,-2.36000000004e-18,-0.172522743588,0.985005534474
0.0565282824239,0.152639819859,0.0999650559399,4.38000000008e-17,-0.172522283191,0.985005615112
0.0523094428103,0.152639819859,0.0999650559399,-7.76200000011e-17,-0.172522873522,0.985005511716
0.0476299570785,0.152639819859,0.0999650559399,1.32140000002e-16,-0.172522683347,0.985005545025
0.0429111643969,0.152639819859,0.0999650559399,2.06480000003e-16,-0.172522735835,0.985005535832
0.0376845022965,0.152639819859,0.0999650559399,-1.31940000002e-16,-0.172523984918,0.985005317056
0.03249,0.152639819859,0.0999650559399,-1.41900000003e-16,-0.172521754662,0.985005707683
0.03249,0.152639819859,0.0999650559399,-8.01600000015e-17,-0.172523876287,0.985005336083
0.03249,0.15390129424,0.10018175678,-8.70000000015e-17,-0.167625573269,0.985850732711
0.03249,0.154853371751,0.100341157884,-1.09680000002e-16,-0.16347927251,0.986546769018
0.03249,0.155681002729,0.100476418987,-1.12220000003e-16,-0.159712761135,0.987163529478
0.03249,0.156470014299,0.100602206929,-1.24100000003e-16,-0.156020671158,0.987753790259
0.03249,0.15725744885,0.100724733033,-1.65880000003e-16,-0.152357628279,0.988325428746
0.03249,0.158035211168,0.100842853944,9.70600000016e-17,-0.148802203386,0.988866980067
0.03249,0.158816998277,0.100958754728,8.46400000014e-17,-0.145325788498,0.989383856346
0.03249,0.159592391864,0.101071007674,-4.46400000006e-17,-0.142017068797,0.989864208955
0.03249,0.160363119265,0.101180064545,-1.27980000002e-16,-0.138905515927,0.9903056385
0.03249,0.161130302156,0.101286377104,-1.79480000001e-16,-0.136185358521,0.990683374305
0.03249,0.161893779026,0.101390397115,2.24900000001e-16,-0.134165692855,0.990958912801
0.03249,0.162664374372,0.10149413632,-2.318e-17,-0.132843603953,0.991137012168
0.03249,0.163429366985,0.101596450599,3.1478e-16,-0.13226567369,0.991214301533
0.03249,0.164190332832,0.10169815269,-2.798e-17,-0.132449409099,0.991189766911
0.03249,0.165005136125,0.101807638032,2.24440000001e-16,-0.133535230571,0.991044066728
0.03249,0.166030323799,0.101946365961,-8.452e-17,-0.134549019578,0.990906938784
0.03249,0.166854206279,0.102057909375,-3.52600000001e-17,-0.133474948768,0.99105218735
0.0376845022965,0.166854206279,0.102057909375,-1.59440000001e-16,-0.133474060338,0.991052307004
0.0429111643969,0.166854206279,0.102057909375,-1.78580000001e-16,-0.133473704693,0.991052354901
0.0476299570785,0.166854206279,0.102057909375,-1.82980000001e-16,-0.133473910115,0.991052327235
0.0523094428103,0.166854206279,0.102057909375,2.62320000001e-16,-0.133474856083,0.991052199833
0.0565282824239,0.166854206279,0.102057909375,-7.47200000002e-17,-0.133475343113,0.99105213424
0.0606875745048,0.166854206279,0.102057909375,-2.51040000001e-16,-0.133473646105,0.991052362792
0.064763069342,0.166854206279,0.102057909375,-1.56980000001e-16,-0.133474197536,0.991052288526
0.0684783235797,0.166854206279,0.102057909375,1.8422e-16,-0.133474787781,0.991052209032
0.0721632603427,0.166854206279,0.102057909375,-1.138e-17,-0.133473632066,0.991052364683
0.0755948426131,0.166854206279,0.102057909375,2.24520000001e-16,-0.133474127212,0.991052297997
0.0790556025492,0.166854206279,0.102057909375,6.94000000003e-18,-0.133474396068,0.991052261788
0.082338501437,0.166854206279,0.102057909375,-1.84620000001e-16,-0.133474223058,0.991052285089
0.0856718713199,0.166854206279,0.102057909375,5.51600000001e-17,-0.133474055478,0.991052307658
0.0888505073185,0.166854206279,0.102057909375,8.14400000002e-17,-0.13347414333,0.991052295826
0.0918924963892,0.166854206279,0.102057909375,2.76340000001e-16,-0.133473205372,0.991052422149
0.0949938498552,0.166854206279,0.102057909375,2.10160000001e-16,-0.1334743445,0.991052268733
0.0979790672229,0.166854206279,0.102057909375,-5.00400000002e-17,-0.133474231049,0.991052284012
0.100865706795,0.166854206279,0.102057909375,1.4078e-16,-0.133474348354,0.991052268214
0.103832613569,0.166854206279,0.102057909375,1.81340000001e-16,-0.133474435155,0.991052256523
0.106724500641,0.166854206279,0.102057909375,-1.3622e-16,-0.133473852986,0.991052334929
0.109557002405,0.166854206279,0.102057909375,1.91960000001e-16,-0.133474043653,0.991052309251
0.112343953584,0.166854206279,0.102057909375,-1.0824e-16,-0.133474250541,0.991052281387
0.115097367969,0.166854206279,0.102057909375,-9.69400000003e-17,-0.133473907641,0.991052327569
0.117827434995,0.166854206279,0.102057909375,2.17400000001e-17,-0.133473753783,0.99105234829
0.120542519746,0.166854206279,0.102057909375,-5.01400000001e-17,-0.133473942327,0.991052322897
0.123249162948,0.166854206279,0.102057909375,1.3992e-16,-0.133474159829,0.991052293604
0.125952080973,0.166854206279,0.102057909375,-2.82880000001e-16,-0.133474313685,0.991052272883
0.128654165841,0.166854206279,0.102057909375,-6.14600000002e-17,-0.133473885882,0.991052330499
0.131356526272,0.166854206279,0.102057909375,4.92200000002e-17,-0.133474311262,0.991052273209
0.134059187267,0.166854206279,0.102057909375,7.04000000003e-17,-0.133474272501,0.99105227843
0.13676204547,0.166854206279,0.102057909375,2.53840000001e-16,-0.133473541361,0.991052376899
0.139464998784,0.166854206279,0.102057909375,3.13460000001e-16,-0.133473435837,0.991052391111
0.142167946402,0.166854206279,0.102057909375,4.85600000002e-17,-0.133473925362,0.991052325182
0.144870788808,0.166854206279,0.102057909375,-1.63840000001e-16,-0.133473519741,0.99105237981
0.147573427774,0.166854206279,0.102057909375,-2.09680000001e-16,-0.133474129167,0.991052297734
0.150275766361,0.166854206279,0.102057909375,1.39e-17,-0.133473797761,0.991052342367
0.152977763439,0.166854206279,0.102057909375,1.85320000001e-16,-0.133474195858,0.991052288752
0.155680193766,0.166854206279,0.102057909375,-3.00200000001e-17,-0.133474534905,0.991052243089
0.158385551743,0.166854206279,0.102057909375,-1.74480000001e-16,-0.133473762446,0.991052347123
0.161098154404,0.166854206279,0.102057909375,-1.1356e-16,-0.133474275958,0.991052277964
0.163824141416,0.166854206279,0.102057909375,-2.16000000001e-17,-0.133474275264,0.991052278057
0.166571475085,0.166854206279,0.102057909375,-5.63200000002e-17,-0.133474108239,0.991052300552
0.169349940349,0.166854206279,0.102057909375,-1.85200000001e-17,-0.133473749743,0.991052348834
0.172171144783,0.166854206279,0.102057909375,6.14800000002e-17,-0.13347396603,0.991052319705
0.175048517161,0.166854206279,0.102057909375,-3.83800000001e-17,-0.133474048691,0.991052308572
0.177997290914,0.166854206279,0.102057909375,-1.28000000001e-16,-0.133473703031,0.991052355125
0.180863122393,0.166854206279,0.102057909375,-1.0282e-16,-0.133473702875,0.991052355146
0.183823611586,0.166854206279,0.102057909375,3.02800000001e-16,-0.133474568626,0.991052238548
0.186895980906,0.166854206279,0.102057909375,-2.70380000001e-16,-0.133473649925,0.991052362277
0.189906502455,0.166854206279,0.102057909375,-6.83400000002e-17,-0.133475002931,0.991052180055
0.193049324226,0.166854206279,0.102057909375,-1.45900000001e-16,-0.133474386103,0.99105226313
0.196342253971,0.166854206279,0.102057909375,-8.05800000002e-17,-0.133474378417,0.991052264165
0.199582558869,0.166854206279,0.102057909375,4.47600000001e-17,-0.13347445934,0.991052253266
0.202992212049,0.166854206279,0.102057909375,-8.22000000003e-18,-0.133474338331,0.991052269564
0.206611058739,0.166854206279,0.102057909375,-4.37600000001e-17,-0.133473710097,0.991052354174
0.210233527944,0.166854206279,0.102057909375,-1.88700000001e-16,-0.133474486384,0.991052249624
0.214164943017,0.166854206279,0.102057909375,-1.2296e-16,-0.13347472543,0.991052217429
0.218170188763,0.166854206279,0.102057909375,-3.24800000001e-17,-0.133474254098,0.991052280908
0.222246273522,0.166854206279,0.102057909375,9.48000000003e-18,-0.133474002517,0.991052314791
0.226766050223,0.166854206279,0.102057909375,3.94600000001e-17,-0.133474780439,0.991052210021
0.231373852508,0.166854206279,0.102057909375,2.16060000001e-16,-0.133474157475,0.991052293921
0.236503288464,0.166854206279,0.102057909375,1.64720000001e-16,-0.133473899221,0.991052328703
0.241687999729,0.166854206279,0.102057909375,3.30180000001e-16,-0.13347440725,0.991052260282
0.246835785755,0.166854206279,0.102057909375,1.0404e-16,-0.133474892638,0.99105219491
0.246835785755,0.168035683583,0.102214156738,1.51920000002e-16,-0.129803476943,0.991539740693
0.246835785755,0.168929300035,0.102328330519,1.41240000004e-16,-0.124943072917,0.992163912128
0.246835785755,0.169714632378,0.102424662434,-2.33700000011e-16,-0.119587679203,0.992823643445
0.246835785755,0.170490157483,0.102515774938,-1.68160000004e-16,-0.114832484699,0.993384870258
0.246835785755,0.171274837438,0.102604600834,1.60880000002e-16,-0.110947766951,0.993826238841
0.246835785755,0.172056375283,0.10269041331,1.52680000002e-16,-0.107934478421,0.994158009759
0.246835785755,0.17284583399,0.102775061655,1.074e-16,-0.105685719434,0.994399582013
0.246835785755,0.173642284784,0.102859011324,1.36e-17,-0.104176416141,0.994558834016
0.246835785755,0.174444953801,0.102942676141,1.522e-16,-0.103325016785,0.99464764661
0.246835785755,0.17524092678,0.10302498278,-1.104e-17,-0.102579207575,0.994724839427
0.246835785755,0.176043003781,0.103107286904,3.353e-16,-0.101788076432,0.994806105478
0.246835785755,0.176851623316,0.103189591016,-8.79800000001e-17,-0.100953450681,0.994891150225
0.246835785755,0.177667231322,0.103271895104,5.99800000001e-17,-0.100078158705,0.99497957876
0.246835785755,0.178479176981,0.10335308902,-9.17600000001e-17,-0.0991767563279,0.995069832225
0.246835785755,0.17934520633,0.103438732411,-3.17200000001e-17,-0.0981343098759,0.995173179515
0.246835785755,0.180381853089,0.103539449083,1.09480000001e-16,-0.0959055514066,0.995390438576
0.241687999729,0.181686118872,0.103662312793,3.03280000006e-16,-0.0908447694467,0.995865065089
0.236503288464,0.181686118872,0.103662312793,-9.84400000022e-17,-0.0908445704686,0.99586508324
0.231373852508,0.181686118872,0.103662312793,5.97200000008e-17,-0.0908449833198,0.995865045579
0.226766050223,0.181686118872,0.103662312793,7.61000000017e-17,-0.0908456253741,0.995864987009
0.222246273522,0.181686118872,0.103662312793,2.45540000004e-16,-0.0908465056241,0.99586490671
0.218170188763,0.181686118872,0.103662312793,-2.17480000003e-16,-0.0908449095686,0.995865052307
0.214164943017,0.181686118872,0.103662312793,-2.15560000003e-16,-0.0908457019539,0.995864980023
0.210233527944,0.181686118872,0.103662312793,-4.1480000001e-17,-0.0908455272154,0.995864995963
0.206611058739,0.181686118872,0.103662312793,-9.46000000022e-17,-0.0908470029428,0.995864861342
0.202992212049,0.181686118872,0.103662312793,4.44200000009e-17,-0.0908473841568,0.995864826566
0.199582558869,0.181686118872,0.103662312793,-2.92000000005e-17,-0.0908449352716,0.995865049962
0.196342253971,0.181686118872,0.103662312793,-1.54000000003e-18,-0.0908454040706,0.995865007197
0.193049324226,0.181686118872,0.103662312793,9.20800000019e-17,-0.0908449141847,0.995865051885
0.189906502455,0.181686118872,0.103662312793,-1.30460000002e-16,-0.0908444574051,0.995865093554
0.186895980906,0.181686118872,0.103662312793,-1.95080000004e-16,-0.0908434474305,0.995865185685
0.183823611586,0.181686118872,0.103662312793,-3.74400000007e-17,-0.0908465007136,0.995864907158
0.180863122393,0.181686118872,0.103662312793,2.55840000004e-16,-0.0908451100611,0.995865034017
0.177997290914,0.181686118872,0.103662312793,2.62440000004e-16,-0.090847134338,0.995864849356
0.175048517161,0.181686118872,0.103662312793,1.01860000002e-16,-0.0908442667331,0.995865110947
0.172171144783,0.181686118872,0.103662312793,-8.16000000016e-18,-0.0908452507982,0.995865021179
0.169349940349,0.181686118872,0.103662312793,8.64200000015e-17,-0.0908448381627,0.99586505882
0.166571475085,0.181686118872,0.103662312793,-9.80000000023e-19,-0.0908461581027,0.995864938412
0.163824141416,0.181686118872,0.103662312793,1.01220000002e-16,-0.0908453184532,0.995865015007
0.161098154404,0.181686118872,0.103662312793,2.45560000005e-16,-0.0908445992939,0.99586508061
0.158385551743,0.181686118872,0.103662312793,5.88400000009e-17,-0.0908460003369,0.995864952804
0.155680193766,0.181686118872,0.103662312793,-6.3420000001e-17,-0.0908453197327,0.99586501489
0.152977763439,0.181686118872,0.103662312793,2.55000000006e-17,-0.090845502267,0.995864998239
0.150275766361,0.181686118872,0.103662312793,-2.68800000006e-16,-0.0908470807252,0.995864854247
0.147573427774,0.181686118872,0.103662312793,1.88180000004e-16,-0.0908457223194,0.995864978165
0.144870788808,0.181686118872,0.103662312793,-7.71600000016e-17,-0.0908457319673,0.995864977285
0.142167946402,0.181686118872,0.103662312793,-2.49600000006e-17,-0.0908449815646,0.995865045739
0.139464998784,0.181686118872,0.103662312793,-1.65280000003e-16,-0.090847611261,0.995864805849
0.13676204547,0.181686118872,0.103662312793,1.34620000003e-16,-0.0908446611753,0.995865074965
0.134059187267,0.181686118872,0.103662312793,1.63180000003e-16,-0.090844680224,0.995865073228
0.131356526272,0.181686118872,0.103662312793,6.90800000015e-17,-0.0908461081665,0.995864942967
0.128654165841,0.181686118872,0.103662312793,-6.24800000013e-17,-0.0908459979222,0.995864953024
0.125952080973,0.181686118872,0.103662312793,-1.03600000002e-16,-0.090844360451,0.995865102398
0.123249162948,0.181686118872,0.103662312793,2.68200000004e-17,-0.0908457830072,0.995864972629
0.120542519746,0.181686118872,0.103662312793,-8.95800000018e-17,-0.0908448031533,0.995865062014
0.117827434995,0.181686118872,0.103662312793,6.76200000014e-17,-0.0908457034135,0.99586497989
0.115097367969,0.181686118872,0.103662312793,-6.59600000012e-17,-0.0908442904486,0.995865108784
0.112343953584,0.181686118872,0.103662312793,-8.50400000015e-17,-0.090846035951,0.995864949555
0.109557002405,0.181686118872,0.103662312793,-1.64080000003e-16,-0.090845796214,0.995864971424
0.106724500641,0.181686118872,0.103662312793,1.20300000002e-16,-0.090845570509,0.995864992014
0.103832613569,0.181686118872,0.103662312793,1.80960000004e-16,-0.0908445749614,0.99586508283
0.100865706795,0.181686118872,0.103662312793,-1.30340000002e-16,-0.0908457408677,0.995864976473
0.0979790672229,0.181686118872,0.103662312793,8.05600000017e-17,-0.090845023805,0.995865041886
0.0949938498552,0.181686118872,0.103662312793,-3.66800000006e-17,-0.0908458635555,0.995864965281
0.0918924963892,0.181686118872,0.103662312793,1.15120000002e-16,-0.0908456718544,0.995864982769
0.0888505073185,0.181686118872,0.103662312793,3.23000000007e-17,-0.0908474470464,0.995864820829
0.0856718713199,0.181686118872,0.103662312793,6.60200000014e-17,-0.0908459048333,0.995864961516
0.082338501437,0.181686118872,0.103662312793,-1.03760000002e-16,-0.0908450574581,0.995865038816
0.0790556025492,0.181686118872,0.103662312793,-6.55200000017e-17,-0.0908459726965,0.995864955325
0.0755948426131,0.181686118872,0.103662312793,-1.36000000003e-18,-0.0908454628249,0.995865001837
0.0721632603427,0.181686118872,0.103662312793,2.64880000005e-16,-0.0908453772102,0.995865009647
0.0684783235797,0.181686118872,0.103662312793,-1.59680000003e-16,-0.0908446146398,0.995865079211
0.064763069342,0.181686118872,0.103662312793,-1.39000000002e-17,-0.0908451695733,0.995865028588
0.0606875745048,0.181686118872,0.103662312793,-2.43600000003e-17,-0.090846012248,0.995864951717
0.0565282824239,0.181686118872,0.103662312793,-1.96100000004e-16,-0.0908463253221,0.995864923157
0.0523094428103,0.181686118872,0.103662312793,2.85000000006e-17,-0.0908440208616,0.995865133376
0.0476299570785,0.181686118872,0.103662312793,-2.02400000004e-17,-0.0908477689793,0.995864791461
0.0429111643969,0.181686118872,0.103662312793,-2.66600000004e-17,-0.0908452519707,0.995865021072
0.0376845022965,0.181686118872,0.103662312793,-1.80480000003e-16,-0.090845978057,0.995864954836
0.03249,0.181686118872,0.103662312793,6.67200000013e-17,-0.09084730153,0.995864834104
0.03249,0.181686118872,0.103662312793,-3.06900000006e-16,-0.090844984601,0.995865045462
0.03249,0.182855431695,0.103764823756,4.26760000012e-16,-0.0854389245445,0.99634340976
0.03249,0.183734010665,0.103837157494,-1.13300000005e-16,-0.0799758162219,0.996796804178
0.03249,0.184508718155,0.103896770933,-9.04400000041e-17,-0.0744908396234,0.997221697925
0.03249,0.185275130077,0.103951673455,-1.70100000008e-16,-0.0695376564591,0.997579327339
0.03249,0.186042195846,0.104003163229,-8.42400000023e-17,-0.0653443084892,0.997862776813
0.03249,0.186800174848,0.104051228367,-1.68220000003e-16,-0.0619574234696,0.998078793321
0.03249,0.18756141527,0.104097268811,8.70000000007e-17,-0.0593172205557,0.998239183435
0.03249,0.188326829646,0.104141892911,-2.46820000001e-16,-0.0574212090798,0.998350041192
0.03249,0.189097320797,0.10418570173,1.381e-16,-0.0562687698165,0.998415657701
0.03249,0.189873613443,0.104229162757,1.0954e-16,-0.0556860011921,0.998448330797
0.03249,0.190644018217,0.10427170427,-1.146e-17,-0.054873512857,0.998493313742
0.03249,0.191420039688,0.104313754294,2.39740000001e-16,-0.0537208596789,0.998555992038
0.03249,0.192201390693,0.104355024807,2.71880000001e-16,-0.0522331943245,0.998634914977
0.03249,0.19300055672,0.104395841343,-3.89620000003e-16,-0.0503853093196,0.998729853667
0.03249,0.193890435317,0.104439295464,-6.59000000005e-17,-0.0479473240764,0.998849865652
0.03249,0.195078128404,0.104493721966,-5.28800000007e-17,-0.0440984301865,0.999027191049
0.03249,0.195629545952,0.104517791052,1.22140000002e-16,-0.0418911376638,0.99912218101
0.0376845022965,0.195629545952,0.104517791052,6.5620000001e-17,-0.0418900517167,0.99912222654
0.0429111643969,0.195629545952,0.104517791052,3.07400000004e-17,-0.0418915686214,0.99912216294
0.0476299570785,0.195629545952,0.104517791052,-6.53200000007e-17,-0.041891495253,0.999122166016
0.0523094428103,0.195629545952,0.104517791052,1.08140000001e-16,-0.0418914484761,0.999122167978
0.0565282824239,0.195629545952,0.104517791052,5.47000000007e-17,-0.0418902409786,0.999122218605
0.0606875745048,0.195629545952,0.104517791052,1.68480000002e-16,-0.0418902375875,0.999122218747
0.064763069342,0.195629545952,0.104517791052,-1.94780000002e-16,-0.0418910113189,0.999122186307
0.0684783235797,0.195629545952,0.104517791052,6.9820000001e-17,-0.0418906591819,0.999122201071
0.0721632603427,0.195629545952,0.104517791052,-5.72000000006e-18,-0.041891289179,0.999122174657
0.0755948426131,0.195629545952,0.104517791052,-2.44580000002e-16,-0.0418904432907,0.999122210123
0.0790556025492,0.195629545952,0.104517791052,-1.09180000001e-16,-0.0418895940285,0.99912224573
0.082338501437,0.195629545952,0.104517791052,8.10000000009e-17,-0.0418918922932,0.999122149369
0.0856718713199,0.195629545952,0.104517791052,5.93600000007e-17,-0.0418897976001,0.999122237195
0.0888505073185,0.195629545952,0.104517791052,-1.70600000002e-17,-0.0418901929388,0.999122220619
0.0918924963892,0.195629545952,0.104517791052,-2.74980000003e-16,-0.0418917179353,0.99912215668
0.0949938498552,0.195629545952,0.104517791052,-1.90700000003e-16,-0.0418902914932,0.999122216487
0.0979790672229,0.195629545952,0.104517791052,-2.72520000003e-16,-0.0418911136962,0.999122182014
0.100865706795,0.195629545952,0.104517791052,-1.63400000002e-17,-0.041890795573,0.999122195353
0.103832613569,0.195629545952,0.104517791052,-3.63600000005e-17,-0.0418907434458,0.999122197538
0.106724500641,0.195629545952,0.104517791052,-1.51100000002e-16,-0.0418905702647,0.999122204799
0.109557002405,0.195629545952,0.104517791052,1.08460000001e-16,-0.0418898123518,0.999122236576
0.112343953584,0.195629545952,0.104517791052,-6.90200000008e-17,-0.0418901105657,0.999122224073
0.115097367969,0.195629545952,0.104517791052,-1.58000000002e-16,-0.0418896523661,0.999122243284
0.117827434995,0.195629545952,0.104517791052,-6.29200000007e-17,-0.0418900698878,0.999122225779
0.120542519746,0.195629545952,0.104517791052,-1.82780000003e-16,-0.0418907947615,0.999122195387
0.123249162948,0.195629545952,0.104517791052,7.73600000009e-17,-0.0418905943848,0.999122203788
0.125952080973,0.195629545952,0.104517791052,4.03200000006e-17,-0.0418903228563,0.999122215172
0.128654165841,0.195629545952,0.104517791052,2.19620000003e-16,-0.0418897872606,0.999122237628
0.131356526272,0.195629545952,0.104517791052,4.31200000004e-17,-0.0418905104678,0.999122207306
0.134059187267,0.195629545952,0.104517791052,-2.92960000004e-16,-0.0418908615656,0.999122192586
0.13676204547,0.195629545952,0.104517791052,-7.99400000011e-17,-0.0418909424859,0.999122189193
0.139464998784,0.195629545952,0.104517791052,6.29600000008e-17,-0.0418909889138,0.999122187246
0.142167946402,0.195629545952,0.104517791052,1.10000000001e-18,-0.0418927056855,0.999122115264
0.144870788808,0.195629545952,0.104517791052,2.78120000003e-16,-0.0418922802996,0.999122133101
0.147573427774,0.195629545952,0.104517791052,2.07340000003e-16,-0.0418923250583,0.999122131224
0.150275766361,0.195629545952,0.104517791052,-2.00960000003e-16,-0.0418898775082,0.999122233844
0.152977763439,0.195629545952,0.104517791052,-1.52080000002e-16,-0.0418915890777,0.999122162083
0.155680193766,0.195629545952,0.104517791052,-1.21360000001e-16,-0.0418898549512,0.99912223479
0.158385551743,0.195629545952,0.104517791052,1.65080000002e-16,-0.0418901739357,0.999122221416
0.161098154404,0.195629545952,0.104517791052,-1.67840000002e-16,-0.0418908420147,0.999122193405
0.163824141416,0.195629545952,0.104517791052,1.67420000002e-16,-0.0418903778341,0.999122212867
0.166571475085,0.195629545952,0.104517791052,9.94000000013e-17,-0.0418902869124,0.999122216679
0.169349940349,0.195629545952,0.104517791052,1.32460000002e-16,-0.0418909851108,0.999122187406
0.172171144783,0.195629545952,0.104517791052,-1.31760000002e-16,-0.0418913593335,0.999122171715
0.175048517161,0.195629545952,0.104517791052,-1.15560000002e-16,-0.0418907291096,0.999122198139
0.177997290914,0.195629545952,0.104517791052,-1.15780000001e-16,-0.0418891031925,0.999122266309
0.180863122393,0.195629545952,0.104517791052,-1.90400000003e-17,-0.0418905382149,0.999122206143
0.183823611586,0.195629545952,0.104517791052,8.1060000001e-17,-0.0418923802835,0.999122128908
0.186895980906,0.195629545952,0.104517791052,-1.82760000002e-16,-0.0418920200559,0.999122144012
0.189906502455,0.195629545952,0.104517791052,-2.25000000003e-16,-0.0418900684939,0.999122225837
0.193049324226,0.195629545952,0.104517791052,-1.60300000002e-16,-0.0418916108265,0.999122161171
0.196342253971,0.195629545952,0.104517791052,1.60740000002e-16,-0.0418912464935,0.999122176447
0.199582558869,0.195629545952,0.104517791052,1.44260000002e-16,-0.0418902833852,0.999122216827
0.202992212049,0.195629545952,0.104517791052,-1.12200000001e-17,-0.0418907922978,0.99912219549
0.206611058739,0.195629545952,0.104517791052,8.68000000011e-17,-0.0418914113628,0.999122169534
0.210233527944,0.195629545952,0.104517791052,-1.26080000001e-16,-0.0418910579379,0.999122184352
0.214164943017,0.195629545952,0.104517791052,-6.51400000007e-17,-0.041890231711,0.999122218994
0.218170188763,0.195629545952,0.104517791052,1.38960000002e-16,-0.0418905702831,0.999122204798
0.222246273522,0.195629545952,0.104517791052,1.89600000003e-17,-0.0418902824495,0.999122216867
0.226766050223,0.195629545952,0.104517791052,-1.21100000002e-16,-0.0418894535273,0.99912225162
0.231373852508,0.195629545952,0.104517791052,3.55400000005e-16,-0.0418907478128,0.999122197355
0.236503288464,0.195629545952,0.104517791052,2.21800000002e-17,-0.0418913077726,0.999122173877
0.241687999729,0.195629545952,0.104517791052,-1.59180000002e-16,-0.0418906976354,0.999122199459
0.03249,0.191440432186,0.204430009153,1.22140000002e-16,-0.0418911376638,0.99912218101,
